,precision,recall,f1-score,support
0,0.9733656174334141,0.9640287769784173,0.9686746987951808,417.0
1,0.9770992366412213,0.9831029185867896,0.9800918836140888,651.0
accuracy,0.9756554307116105,0.9756554307116105,0.9756554307116105,0.9756554307116105
macro avg,0.9752324270373177,0.9735658477826035,0.9743832912046348,1068.0
weighted avg,0.9756414471190719,0.9756554307116105,0.9756340502156949,1068.0
