Metric,Mean,Std_dev
accuracy,0.9809404251170047,0.009705531070848388
precision,0.9788528822125508,0.00880731116953531
recall,0.9910224438902745,0.008434680561240792
f1,0.9848845160318863,0.0076839352966676395
