Metric,Value
Loss,0.08791938424110413
Accuracy,0.9728464484214783
